{
    "FactoryName": "Contoso Cheese 1",
    "GeoLocation": {
        "Latitude": 47.64319985218156,
        "Longitude": -122.12449651580214
    }
}